-- phpMyAdmin SQL Dump
-- version 5.2.1
-- https://www.phpmyadmin.net/
--
-- Host: localhost
-- Generation Time: Nov 11, 2025 at 07:07 AM
-- Server version: 10.4.28-MariaDB
-- PHP Version: 8.2.4

SET SQL_MODE = "NO_AUTO_VALUE_ON_ZERO";
START TRANSACTION;
SET time_zone = "+00:00";


/*!40101 SET @OLD_CHARACTER_SET_CLIENT=@@CHARACTER_SET_CLIENT */;
/*!40101 SET @OLD_CHARACTER_SET_RESULTS=@@CHARACTER_SET_RESULTS */;
/*!40101 SET @OLD_COLLATION_CONNECTION=@@COLLATION_CONNECTION */;
/*!40101 SET NAMES utf8mb4 */;

--
-- Database: `IndoorComplexUpdatedDB`
--

-- --------------------------------------------------------

--
-- Table structure for table `BookedEquipments`
--

CREATE TABLE `BookedEquipments` (
  `booking_id` int(11) NOT NULL,
  `unit_id` int(11) NOT NULL,
  `quantity` int(11) DEFAULT 1
) ENGINE=InnoDB DEFAULT CHARSET=utf8mb4 COLLATE=utf8mb4_general_ci;

--
-- Dumping data for table `BookedEquipments`
--

INSERT INTO `BookedEquipments` (`booking_id`, `unit_id`, `quantity`) VALUES
(10002, 2027, 1),
(10002, 2092, 1),
(10003, 2062, 1),
(10004, 2036, 1),
(10004, 2054, 1),
(10005, 2043, 1),
(10005, 2053, 1),
(10006, 2054, 1),
(10006, 2057, 1),
(10006, 2075, 1),
(10008, 2051, 1),
(10008, 2052, 1),
(10008, 2062, 1),
(10008, 2067, 1),
(10010, 2026, 1),
(10010, 2037, 1),
(10010, 2065, 1),
(10010, 2091, 1),
(10011, 2036, 1),
(10012, 2037, 1),
(10012, 2078, 1),
(10012, 2088, 1),
(10013, 2023, 1),
(10013, 2048, 1),
(10013, 2089, 1),
(10013, 2091, 1),
(10014, 2038, 1),
(10014, 2061, 1),
(10014, 2063, 1),
(10015, 2060, 1),
(10015, 2074, 1),
(10015, 2093, 1),
(10017, 2061, 1),
(10018, 2050, 1),
(10018, 2064, 1),
(10018, 2079, 1),
(10018, 2082, 1),
(10018, 2088, 1),
(10019, 2034, 1),
(10019, 2065, 1),
(10019, 2088, 1),
(10020, 2026, 1),
(10020, 2041, 1),
(10023, 2023, 1),
(10023, 2041, 1),
(10025, 2038, 1),
(10025, 2081, 1),
(10027, 2043, 1),
(10027, 2056, 1),
(10027, 2080, 1),
(10027, 2083, 1),
(10028, 2032, 1),
(10028, 2053, 1),
(10028, 2058, 1),
(10028, 2079, 1),
(10028, 2085, 1),
(10029, 2033, 1),
(10029, 2063, 1),
(10029, 2092, 1),
(10031, 2076, 1),
(10031, 2082, 1),
(10031, 2092, 1),
(10033, 2023, 1),
(10033, 2061, 1),
(10033, 2068, 1),
(10033, 2071, 1),
(10033, 2084, 1),
(10034, 2026, 1),
(10034, 2051, 1),
(10034, 2057, 1),
(10034, 2078, 1),
(10034, 2085, 1),
(10035, 2039, 1),
(10035, 2044, 1),
(10035, 2082, 1),
(10035, 2091, 1),
(10037, 2029, 1),
(10037, 2046, 1),
(10037, 2056, 1),
(10037, 2071, 1),
(10038, 2058, 1),
(10038, 2071, 1),
(10038, 2076, 1),
(10039, 2028, 1),
(10039, 2029, 1),
(10039, 2031, 1),
(10039, 2051, 1),
(10039, 2067, 1),
(10041, 2095, 1),
(10042, 2037, 1),
(10042, 2043, 1),
(10042, 2044, 1),
(10043, 2048, 1),
(10043, 2071, 1),
(10043, 2073, 1),
(10045, 2067, 1),
(10046, 2087, 1),
(10047, 2036, 1),
(10047, 2069, 1),
(10047, 2078, 1),
(10047, 2085, 1),
(10048, 2045, 1),
(10048, 2057, 1),
(10048, 2089, 1),
(10048, 2091, 1),
(10049, 2034, 1),
(10049, 2054, 1),
(10049, 2057, 1),
(10049, 2058, 1),
(10049, 2064, 1),
(10050, 2026, 1),
(10050, 2064, 1),
(10050, 2066, 1),
(10050, 2071, 1),
(10050, 2086, 1),
(10051, 2058, 1),
(10051, 2066, 1),
(10051, 2094, 1),
(10053, 2025, 1),
(10053, 2034, 1),
(10053, 2060, 1),
(10053, 2080, 1),
(10054, 2070, 1),
(10054, 2083, 1),
(10054, 2093, 1),
(10055, 2057, 1),
(10055, 2062, 1),
(10055, 2065, 1),
(10055, 2068, 1),
(10055, 2081, 1),
(10056, 2038, 1),
(10056, 2063, 1),
(10057, 2035, 1),
(10057, 2058, 1),
(10057, 2059, 1),
(10057, 2090, 1),
(10058, 2024, 1),
(10058, 2061, 1),
(10059, 2093, 1),
(10060, 2024, 1),
(10060, 2036, 1),
(10060, 2059, 1),
(10060, 2083, 1),
(10061, 2055, 1),
(10062, 2029, 1),
(10062, 2032, 1),
(10062, 2042, 1),
(10062, 2085, 1),
(10064, 2051, 1),
(10064, 2071, 1),
(10064, 2079, 1),
(10064, 2080, 1),
(10064, 2089, 1),
(10065, 2030, 1),
(10065, 2035, 1),
(10065, 2049, 1),
(10065, 2050, 1),
(10065, 2056, 1),
(10066, 2032, 1),
(10066, 2093, 1),
(10068, 2059, 1),
(10068, 2081, 1),
(10070, 2032, 1),
(10070, 2041, 1),
(10070, 2042, 1),
(10070, 2051, 1),
(10070, 2057, 1),
(10072, 2057, 1),
(10072, 2061, 1),
(10072, 2074, 1),
(10072, 2087, 1),
(10073, 2026, 1),
(10073, 2028, 1),
(10073, 2055, 1),
(10073, 2064, 1),
(10073, 2078, 1),
(10075, 2028, 1),
(10075, 2045, 1),
(10075, 2083, 1),
(10076, 2078, 1),
(10076, 2085, 1),
(10078, 2059, 1),
(10078, 2075, 1),
(10078, 2086, 1),
(10079, 2027, 1),
(10079, 2034, 1),
(10079, 2055, 1),
(10079, 2063, 1),
(10079, 2081, 1),
(10080, 2023, 1),
(10080, 2029, 1),
(10080, 2075, 1),
(10080, 2082, 1),
(10080, 2092, 1),
(10081, 2029, 1),
(10081, 2049, 1),
(10081, 2057, 1),
(10081, 2079, 1),
(10082, 2026, 1),
(10082, 2038, 1),
(10082, 2053, 1),
(10082, 2085, 1),
(10083, 2093, 1),
(10084, 2082, 1),
(10086, 2054, 1),
(10086, 2081, 1),
(10086, 2083, 1),
(10086, 2093, 1),
(10089, 2042, 1),
(10089, 2061, 1),
(10089, 2085, 1),
(10090, 2047, 1),
(10090, 2064, 1),
(10090, 2071, 1),
(10090, 2081, 1),
(10090, 2092, 1),
(10091, 2028, 1),
(10091, 2075, 1),
(10092, 2027, 1),
(10092, 2042, 1),
(10092, 2072, 1),
(10092, 2086, 1),
(10095, 2033, 1),
(10095, 2066, 1),
(10095, 2073, 1),
(10096, 2027, 1),
(10096, 2031, 1),
(10096, 2053, 1),
(10096, 2092, 1),
(10097, 2078, 1),
(10099, 2060, 1),
(10100, 2075, 1),
(10100, 2090, 1),
(10101, 2041, 1),
(10101, 2052, 1),
(10101, 2053, 1),
(10101, 2071, 1),
(10101, 2086, 1),
(10104, 2048, 1),
(10104, 2061, 1),
(10104, 2072, 1),
(10104, 2084, 1),
(10107, 2051, 1),
(10107, 2068, 1),
(10117, 2061, 1),
(10119, 2035, 1),
(10119, 2076, 1),
(10122, 2038, 1),
(10122, 2081, 1),
(10124, 2041, 1),
(10124, 2049, 1),
(10124, 2050, 1),
(10124, 2052, 1),
(10124, 2065, 1),
(10125, 2055, 1),
(10125, 2092, 1),
(10128, 2036, 1),
(10128, 2069, 1),
(10128, 2080, 1),
(10128, 2088, 1),
(10130, 2032, 1),
(10130, 2033, 1),
(10130, 2041, 1),
(10130, 2064, 1),
(10133, 2066, 1),
(10133, 2074, 1),
(10133, 2076, 1),
(10133, 2081, 1),
(10135, 2078, 1),
(10136, 2038, 1),
(10136, 2065, 1),
(10136, 2068, 1),
(10136, 2075, 1),
(10136, 2094, 1),
(10139, 2026, 1),
(10139, 2051, 1),
(10139, 2057, 1),
(10139, 2077, 1),
(10139, 2094, 1),
(10142, 2043, 1),
(10142, 2062, 1),
(10142, 2070, 1),
(10152, 2054, 1),
(10164, 2028, 1),
(10164, 2054, 1),
(10168, 2062, 1),
(10168, 2067, 1),
(10171, 2025, 1),
(10171, 2062, 1),
(10171, 2069, 1),
(10171, 2088, 1),
(10172, 2032, 1),
(10172, 2042, 1),
(10173, 2039, 1),
(10173, 2042, 1),
(10173, 2043, 1),
(10173, 2046, 1),
(10173, 2071, 1),
(10174, 2053, 1),
(10174, 2059, 1),
(10174, 2079, 1),
(10175, 2047, 1),
(10175, 2070, 1),
(10175, 2083, 1),
(10176, 2043, 1),
(10176, 2076, 1),
(10176, 2087, 1),
(10176, 2090, 1),
(10180, 2033, 1),
(10180, 2051, 1),
(10180, 2053, 1),
(10180, 2070, 1),
(10180, 2072, 1),
(10190, 2065, 1),
(10198, 2078, 1),
(10199, 2064, 1),
(10202, 2026, 1),
(10202, 2043, 1),
(10202, 2069, 1),
(10202, 2088, 1),
(10203, 2069, 1),
(10203, 2072, 1),
(10207, 2032, 1),
(10207, 2038, 1),
(10207, 2040, 1),
(10207, 2048, 1),
(10209, 2043, 1),
(10209, 2045, 1),
(10209, 2061, 1),
(10211, 2039, 1),
(10211, 2082, 1),
(10211, 2093, 1),
(10212, 2032, 1),
(10212, 2039, 1),
(10212, 2075, 1),
(10212, 2090, 1),
(10220, 2026, 1),
(10220, 2060, 1),
(10220, 2086, 1),
(10220, 2092, 1),
(10221, 2030, 1),
(10221, 2032, 1),
(10221, 2061, 1),
(10221, 2081, 1),
(10226, 2043, 1),
(10226, 2047, 1),
(10226, 2086, 1),
(10229, 2078, 1),
(10230, 2029, 1),
(10230, 2047, 1),
(10230, 2094, 1),
(10230, 2095, 1),
(10232, 2066, 1),
(10232, 2069, 1),
(10232, 2094, 1),
(10237, 2026, 1),
(10237, 2056, 1),
(10237, 2062, 1),
(10237, 2083, 1),
(10241, 2040, 1),
(10244, 2051, 1),
(10244, 2061, 1),
(10244, 2094, 1),
(10245, 2063, 1),
(10245, 2067, 1),
(10245, 2084, 1),
(10245, 2094, 1),
(10246, 2041, 1),
(10246, 2060, 1),
(10246, 2067, 1),
(10246, 2071, 1),
(10246, 2073, 1),
(10248, 2040, 1),
(10248, 2057, 1),
(10248, 2094, 1),
(10256, 2065, 1),
(10262, 2056, 1),
(10266, 2042, 1),
(10266, 2070, 1),
(10266, 2076, 1),
(10266, 2081, 1),
(10268, 2032, 1),
(10268, 2037, 1),
(10268, 2095, 1),
(10269, 2044, 1),
(10269, 2064, 1),
(10273, 2092, 1),
(10274, 2040, 1),
(10274, 2046, 1),
(10274, 2070, 1),
(10274, 2076, 1),
(10276, 2023, 1),
(10276, 2039, 1),
(10276, 2051, 1),
(10276, 2073, 1),
(10276, 2090, 1),
(10278, 2027, 1),
(10278, 2037, 1),
(10278, 2047, 1),
(10282, 2051, 1),
(10282, 2089, 1),
(10296, 2028, 1),
(10296, 2063, 1),
(10296, 2075, 1),
(10297, 2042, 1),
(10297, 2048, 1),
(10297, 2060, 1),
(10297, 2065, 1),
(10297, 2076, 1),
(10301, 2100, 1),
(10301, 2101, 1),
(10301, 2102, 1),
(10301, 2103, 1),
(10301, 2119, 1),
(10301, 2123, 1),
(10301, 2124, 1),
(10312, 2101, 1),
(10312, 2102, 1),
(10312, 2103, 1),
(10312, 2106, 1),
(10312, 2107, 1),
(10313, 2096, 1),
(10313, 2099, 1),
(10313, 2111, 1),
(10314, 2001, 1),
(10314, 2096, 1),
(10314, 2097, 1),
(10314, 2098, 1),
(10314, 2108, 1);

-- --------------------------------------------------------

--
-- Table structure for table `BookingParticipants`
--

CREATE TABLE `BookingParticipants` (
  `booking_id` int(11) NOT NULL,
  `participant_id` int(11) NOT NULL
) ENGINE=InnoDB DEFAULT CHARSET=utf8mb4 COLLATE=utf8mb4_general_ci;

--
-- Dumping data for table `BookingParticipants`
--

INSERT INTO `BookingParticipants` (`booking_id`, `participant_id`) VALUES
(10002, 130),
(10003, 131),
(10004, 3),
(10005, 134),
(10006, 136),
(10007, 10),
(10007, 138),
(10008, 139),
(10009, 11),
(10009, 18),
(10009, 72),
(10009, 222),
(10010, 13),
(10011, 15),
(10012, 16),
(10013, 145),
(10014, 18),
(10015, 146),
(10016, 19),
(10016, 98),
(10016, 174),
(10016, 241),
(10017, 149),
(10018, 150),
(10019, 21),
(10020, 152),
(10021, 153),
(10021, 218),
(10022, 26),
(10022, 148),
(10023, 154),
(10024, 156),
(10024, 206),
(10025, 158),
(10026, 31),
(10026, 82),
(10026, 144),
(10026, 153),
(10027, 159),
(10028, 161),
(10029, 34),
(10030, 40),
(10030, 163),
(10030, 178),
(10030, 181),
(10031, 164),
(10032, 41),
(10032, 100),
(10033, 170),
(10034, 173),
(10035, 48),
(10036, 7),
(10036, 22),
(10036, 49),
(10036, 170),
(10037, 178),
(10038, 179),
(10039, 177),
(10040, 6),
(10040, 40),
(10040, 160),
(10040, 181),
(10041, 53),
(10042, 55),
(10043, 56),
(10044, 184),
(10044, 198),
(10045, 188),
(10046, 189),
(10047, 190),
(10048, 61),
(10049, 192),
(10050, 64),
(10051, 191),
(10052, 67),
(10052, 105),
(10052, 126),
(10052, 185),
(10053, 196),
(10054, 197),
(10055, 62),
(10056, 68),
(10057, 63),
(10058, 73),
(10059, 76),
(10060, 77),
(10061, 78),
(10062, 81),
(10063, 31),
(10063, 90),
(10064, 95),
(10065, 102),
(10066, 104),
(10067, 108),
(10067, 177),
(10068, 113),
(10069, 118),
(10069, 202),
(10070, 123),
(10071, 153),
(10071, 201),
(10072, 202),
(10073, 203),
(10074, 207),
(10074, 221),
(10075, 208),
(10076, 209),
(10077, 86),
(10077, 210),
(10078, 211),
(10079, 214),
(10080, 217),
(10081, 218),
(10082, 219),
(10083, 220),
(10084, 221),
(10085, 184),
(10085, 222),
(10086, 228),
(10087, 131),
(10087, 229),
(10088, 107),
(10088, 203),
(10088, 219),
(10088, 230),
(10089, 231),
(10090, 232),
(10091, 233),
(10092, 235),
(10093, 113),
(10093, 217),
(10093, 224),
(10093, 236),
(10094, 37),
(10094, 237),
(10095, 243),
(10096, 244),
(10097, 245),
(10098, 178),
(10098, 246),
(10099, 249),
(10100, 250),
(10101, 145),
(10102, 119),
(10102, 231),
(10103, 206),
(10103, 242),
(10104, 89),
(10105, 6),
(10105, 28),
(10106, 176),
(10106, 213),
(10107, 200),
(10108, 163),
(10108, 232),
(10109, 94),
(10109, 161),
(10110, 34),
(10110, 45),
(10110, 52),
(10110, 188),
(10111, 66),
(10111, 202),
(10111, 212),
(10111, 234),
(10112, 120),
(10112, 242),
(10113, 24),
(10113, 94),
(10113, 143),
(10113, 247),
(10114, 173),
(10114, 203),
(10115, 60),
(10115, 192),
(10116, 119),
(10116, 121),
(10116, 163),
(10116, 211),
(10117, 233),
(10118, 95),
(10118, 127),
(10118, 172),
(10118, 244),
(10119, 191),
(10120, 95),
(10120, 214),
(10121, 56),
(10121, 95),
(10122, 140),
(10123, 24),
(10123, 63),
(10124, 33),
(10125, 202),
(10126, 203),
(10126, 205),
(10127, 14),
(10127, 202),
(10128, 33),
(10129, 8),
(10129, 16),
(10129, 116),
(10129, 247),
(10130, 123),
(10131, 17),
(10131, 76),
(10131, 117),
(10131, 130),
(10132, 155),
(10132, 167),
(10133, 225),
(10134, 40),
(10134, 96),
(10134, 187),
(10134, 245),
(10135, 176),
(10136, 25),
(10137, 80),
(10137, 224),
(10138, 28),
(10138, 58),
(10138, 91),
(10138, 217),
(10139, 90),
(10140, 8),
(10140, 47),
(10141, 8),
(10141, 163),
(10141, 223),
(10141, 249),
(10142, 24),
(10143, 185),
(10143, 194),
(10144, 109),
(10144, 125),
(10144, 156),
(10144, 159),
(10145, 29),
(10145, 114),
(10146, 73),
(10146, 102),
(10147, 36),
(10147, 154),
(10147, 196),
(10147, 197),
(10148, 66),
(10148, 111),
(10149, 11),
(10149, 45),
(10149, 190),
(10149, 221),
(10150, 104),
(10150, 112),
(10150, 147),
(10150, 182),
(10151, 44),
(10151, 164),
(10152, 206),
(10153, 112),
(10153, 191),
(10154, 30),
(10154, 87),
(10155, 38),
(10155, 136),
(10155, 166),
(10155, 209),
(10156, 40),
(10156, 61),
(10156, 168),
(10156, 195),
(10157, 20),
(10157, 195),
(10158, 81),
(10158, 149),
(10159, 39),
(10159, 204),
(10160, 71),
(10160, 116),
(10161, 10),
(10161, 24),
(10161, 158),
(10161, 219),
(10162, 147),
(10162, 153),
(10162, 167),
(10162, 208),
(10163, 27),
(10163, 49),
(10164, 208),
(10165, 182),
(10165, 235),
(10166, 73),
(10166, 166),
(10167, 86),
(10167, 169),
(10167, 186),
(10167, 219),
(10168, 247),
(10169, 241),
(10169, 248),
(10170, 22),
(10170, 172),
(10171, 180),
(10172, 47),
(10173, 76),
(10174, 213),
(10175, 193),
(10176, 174),
(10177, 124),
(10177, 210),
(10178, 196),
(10178, 224),
(10179, 42),
(10179, 210),
(10180, 116),
(10181, 8),
(10181, 36),
(10182, 10),
(10182, 121),
(10183, 115),
(10183, 214),
(10184, 32),
(10184, 39),
(10184, 61),
(10184, 78),
(10185, 13),
(10185, 232),
(10186, 75),
(10186, 128),
(10187, 48),
(10187, 110),
(10187, 171),
(10187, 172),
(10188, 22),
(10188, 130),
(10188, 142),
(10188, 202),
(10189, 6),
(10189, 96),
(10190, 65),
(10191, 35),
(10191, 119),
(10191, 176),
(10191, 179),
(10192, 123),
(10192, 242),
(10193, 11),
(10193, 81),
(10193, 118),
(10193, 227),
(10194, 193),
(10194, 239),
(10195, 85),
(10195, 166),
(10196, 70),
(10196, 113),
(10196, 191),
(10196, 230),
(10197, 95),
(10197, 245),
(10198, 237),
(10199, 155),
(10200, 114),
(10200, 170),
(10201, 71),
(10201, 90),
(10202, 164),
(10203, 37),
(10204, 96),
(10204, 114),
(10204, 196),
(10204, 244),
(10205, 20),
(10205, 64),
(10205, 72),
(10205, 246),
(10206, 30),
(10206, 31),
(10206, 144),
(10206, 234),
(10207, 68),
(10208, 116),
(10208, 248),
(10209, 217),
(10210, 36),
(10210, 204),
(10211, 61),
(10212, 157),
(10213, 133),
(10213, 249),
(10214, 15),
(10214, 89),
(10214, 223),
(10214, 234),
(10215, 83),
(10215, 182),
(10215, 213),
(10215, 240),
(10216, 58),
(10216, 163),
(10217, 24),
(10217, 129),
(10217, 165),
(10217, 245),
(10218, 44),
(10218, 185),
(10219, 231),
(10219, 243),
(10220, 165),
(10221, 165),
(10222, 41),
(10222, 156),
(10223, 37),
(10223, 195),
(10224, 32),
(10224, 69),
(10224, 95),
(10224, 116),
(10225, 64),
(10225, 108),
(10225, 158),
(10225, 222),
(10226, 64),
(10227, 132),
(10227, 242),
(10228, 13),
(10228, 73),
(10228, 101),
(10228, 127),
(10229, 153),
(10230, 35),
(10231, 72),
(10231, 93),
(10231, 141),
(10231, 196),
(10232, 212),
(10233, 36),
(10233, 86),
(10233, 183),
(10233, 194),
(10234, 132),
(10234, 206),
(10235, 36),
(10235, 190),
(10236, 77),
(10236, 216),
(10237, 122),
(10238, 44),
(10238, 248),
(10239, 63),
(10239, 135),
(10240, 9),
(10240, 39),
(10240, 81),
(10240, 108),
(10241, 106),
(10242, 81),
(10242, 133),
(10243, 223),
(10243, 245),
(10244, 185),
(10245, 242),
(10246, 240),
(10247, 11),
(10247, 168),
(10248, 66),
(10249, 28),
(10249, 232),
(10250, 85),
(10250, 136),
(10251, 184),
(10251, 238),
(10252, 41),
(10252, 194),
(10253, 23),
(10253, 247),
(10254, 46),
(10254, 167),
(10254, 215),
(10254, 240),
(10255, 224),
(10255, 236),
(10255, 238),
(10255, 247),
(10256, 75),
(10257, 73),
(10257, 218),
(10258, 130),
(10258, 188),
(10259, 118),
(10259, 203),
(10260, 76),
(10260, 104),
(10260, 164),
(10260, 230),
(10261, 25),
(10261, 212),
(10262, 48),
(10263, 99),
(10263, 186),
(10264, 31),
(10264, 79),
(10264, 120),
(10264, 147),
(10265, 41),
(10265, 164),
(10266, 235),
(10267, 153),
(10267, 175),
(10267, 180),
(10267, 194),
(10268, 224),
(10269, 16),
(10270, 24),
(10270, 126),
(10270, 219),
(10270, 231),
(10271, 107),
(10271, 131),
(10272, 66),
(10272, 102),
(10272, 117),
(10272, 210),
(10273, 1),
(10274, 16),
(10275, 229),
(10275, 247),
(10276, 170),
(10277, 109),
(10277, 137),
(10277, 140),
(10277, 194),
(10278, 98),
(10279, 26),
(10279, 208),
(10280, 60),
(10280, 103),
(10280, 113),
(10280, 153),
(10281, 60),
(10281, 139),
(10282, 209),
(10283, 106),
(10283, 110),
(10284, 82),
(10284, 143),
(10285, 179),
(10285, 194),
(10286, 37),
(10286, 138),
(10287, 136),
(10287, 207),
(10288, 21),
(10288, 35),
(10289, 213),
(10289, 237),
(10290, 49),
(10290, 151),
(10290, 195),
(10290, 206),
(10291, 186),
(10291, 233),
(10292, 86),
(10292, 247),
(10293, 53),
(10293, 102),
(10293, 181),
(10293, 190),
(10294, 137),
(10294, 235),
(10295, 120),
(10295, 167),
(10296, 26),
(10297, 145),
(10298, 59),
(10298, 242),
(10299, 176),
(10299, 188),
(10300, 165),
(10300, 204),
(10301, 201),
(10301, 210),
(10301, 211),
(10301, 212),
(10312, 210),
(10312, 211),
(10312, 212),
(10312, 213),
(10313, 205),
(10313, 247),
(10313, 248),
(10313, 249),
(10314, 210),
(10314, 211),
(10314, 212),
(10314, 213);

-- --------------------------------------------------------

--
-- Table structure for table `Bookings`
--

CREATE TABLE `Bookings` (
  `booking_id` int(11) NOT NULL,
  `user_id` int(11) DEFAULT NULL,
  `unit_id` int(11) DEFAULT NULL,
  `booking_date` date NOT NULL,
  `start_time` time NOT NULL,
  `end_time` time NOT NULL
) ENGINE=InnoDB DEFAULT CHARSET=utf8mb4 COLLATE=utf8mb4_general_ci;

--
-- Dumping data for table `Bookings`
--

INSERT INTO `Bookings` (`booking_id`, `user_id`, `unit_id`, `booking_date`, `start_time`, `end_time`) VALUES
(10002, 130, 2055, '2025-09-26', '07:00:00', '08:00:00'),
(10003, 131, 2048, '2025-10-16', '08:00:00', '09:00:00'),
(10004, 3, 2047, '2025-11-15', '11:00:00', '12:00:00'),
(10005, 134, 2046, '2025-10-28', '17:00:00', '19:00:00'),
(10006, 136, 2023, '2025-09-20', '08:00:00', '10:00:00'),
(10007, 138, 2021, '2025-10-13', '19:00:00', '20:00:00'),
(10008, 139, 2061, '2025-10-01', '19:00:00', '20:00:00'),
(10009, 11, 2004, '2025-10-22', '12:00:00', '13:00:00'),
(10010, 13, 2036, '2025-10-30', '14:00:00', '16:00:00'),
(10011, 15, 2034, '2025-10-26', '10:00:00', '11:00:00'),
(10012, 16, 2077, '2025-10-11', '17:00:00', '19:00:00'),
(10013, 145, 2050, '2025-10-05', '06:00:00', '07:00:00'),
(10014, 18, 2047, '2025-09-23', '16:00:00', '18:00:00'),
(10015, 146, 2065, '2025-10-31', '12:00:00', '14:00:00'),
(10016, 19, 2017, '2025-10-15', '16:00:00', '17:00:00'),
(10017, 149, 2023, '2025-10-14', '14:00:00', '16:00:00'),
(10018, 150, 2037, '2025-10-16', '18:00:00', '19:00:00'),
(10019, 21, 2061, '2025-10-31', '07:00:00', '08:00:00'),
(10020, 152, 2031, '2025-10-03', '18:00:00', '20:00:00'),
(10021, 153, 2006, '2025-10-19', '15:00:00', '16:00:00'),
(10022, 26, 2010, '2025-10-15', '16:00:00', '18:00:00'),
(10023, 154, 2025, '2025-10-20', '12:00:00', '14:00:00'),
(10024, 156, 2014, '2025-10-03', '08:00:00', '10:00:00'),
(10025, 158, 2090, '2025-09-22', '14:00:00', '16:00:00'),
(10026, 31, 2018, '2025-10-31', '14:00:00', '16:00:00'),
(10027, 159, 2057, '2025-11-11', '14:00:00', '16:00:00'),
(10028, 161, 2032, '2025-11-07', '18:00:00', '20:00:00'),
(10029, 34, 2092, '2025-10-04', '10:00:00', '12:00:00'),
(10030, 163, 2018, '2025-10-03', '12:00:00', '13:00:00'),
(10031, 164, 2028, '2025-10-15', '12:00:00', '13:00:00'),
(10032, 41, 2008, '2025-11-11', '12:00:00', '13:00:00'),
(10033, 170, 2075, '2025-11-12', '20:00:00', '21:00:00'),
(10034, 173, 2050, '2025-10-23', '17:00:00', '19:00:00'),
(10035, 48, 2050, '2025-10-31', '16:00:00', '18:00:00'),
(10036, 49, 2004, '2025-10-26', '15:00:00', '17:00:00'),
(10037, 178, 2083, '2025-09-27', '19:00:00', '21:00:00'),
(10038, 179, 2042, '2025-10-18', '11:00:00', '12:00:00'),
(10039, 177, 2033, '2025-10-19', '06:00:00', '07:00:00'),
(10040, 181, 2004, '2025-10-01', '19:00:00', '20:00:00'),
(10041, 53, 2031, '2025-10-19', '16:00:00', '17:00:00'),
(10042, 55, 2028, '2025-11-02', '10:00:00', '12:00:00'),
(10043, 56, 2040, '2025-10-26', '06:00:00', '07:00:00'),
(10044, 184, 2010, '2025-09-25', '17:00:00', '18:00:00'),
(10045, 188, 2039, '2025-11-08', '15:00:00', '16:00:00'),
(10046, 189, 2069, '2025-10-31', '11:00:00', '13:00:00'),
(10047, 190, 2083, '2025-09-19', '19:00:00', '21:00:00'),
(10048, 61, 2082, '2025-11-03', '08:00:00', '10:00:00'),
(10049, 192, 2062, '2025-10-16', '19:00:00', '21:00:00'),
(10050, 64, 2058, '2025-11-06', '13:00:00', '14:00:00'),
(10051, 191, 2024, '2025-10-02', '11:00:00', '13:00:00'),
(10052, 67, 2002, '2025-09-24', '09:00:00', '10:00:00'),
(10053, 196, 2072, '2025-11-02', '13:00:00', '14:00:00'),
(10054, 197, 2029, '2025-11-02', '09:00:00', '11:00:00'),
(10055, 62, 2068, '2025-10-16', '17:00:00', '19:00:00'),
(10056, 68, 2033, '2025-09-26', '17:00:00', '18:00:00'),
(10057, 63, 2069, '2025-10-01', '09:00:00', '10:00:00'),
(10058, 73, 2025, '2025-10-03', '11:00:00', '13:00:00'),
(10059, 76, 2091, '2025-10-06', '06:00:00', '07:00:00'),
(10060, 77, 2038, '2025-10-29', '19:00:00', '20:00:00'),
(10061, 78, 2062, '2025-10-10', '08:00:00', '10:00:00'),
(10062, 81, 2062, '2025-11-10', '07:00:00', '08:00:00'),
(10063, 90, 2020, '2025-09-24', '09:00:00', '11:00:00'),
(10064, 95, 2072, '2025-10-27', '15:00:00', '17:00:00'),
(10065, 102, 2039, '2025-10-08', '15:00:00', '17:00:00'),
(10066, 104, 2085, '2025-09-29', '09:00:00', '10:00:00'),
(10067, 108, 2021, '2025-10-15', '13:00:00', '14:00:00'),
(10068, 113, 2077, '2025-10-07', '06:00:00', '08:00:00'),
(10069, 118, 2010, '2025-11-17', '10:00:00', '11:00:00'),
(10070, 123, 2081, '2025-10-16', '07:00:00', '08:00:00'),
(10071, 201, 2008, '2025-11-08', '10:00:00', '11:00:00'),
(10072, 202, 2073, '2025-10-17', '07:00:00', '09:00:00'),
(10073, 203, 2070, '2025-10-17', '07:00:00', '09:00:00'),
(10074, 207, 2012, '2025-11-01', '19:00:00', '20:00:00'),
(10075, 208, 2074, '2025-11-06', '16:00:00', '17:00:00'),
(10076, 209, 2067, '2025-11-16', '10:00:00', '12:00:00'),
(10077, 210, 2012, '2025-10-11', '12:00:00', '14:00:00'),
(10078, 211, 2042, '2025-11-12', '08:00:00', '09:00:00'),
(10079, 214, 2085, '2025-11-10', '18:00:00', '20:00:00'),
(10080, 217, 2042, '2025-11-07', '12:00:00', '13:00:00'),
(10081, 218, 2025, '2025-10-28', '18:00:00', '20:00:00'),
(10082, 219, 2071, '2025-11-17', '10:00:00', '11:00:00'),
(10083, 220, 2091, '2025-10-08', '14:00:00', '15:00:00'),
(10084, 221, 2053, '2025-10-03', '19:00:00', '20:00:00'),
(10085, 222, 2016, '2025-10-20', '20:00:00', '21:00:00'),
(10086, 228, 2038, '2025-10-15', '19:00:00', '21:00:00'),
(10087, 229, 2019, '2025-10-01', '15:00:00', '17:00:00'),
(10088, 230, 2018, '2025-10-06', '18:00:00', '19:00:00'),
(10089, 231, 2044, '2025-11-10', '06:00:00', '08:00:00'),
(10090, 232, 2058, '2025-10-11', '11:00:00', '13:00:00'),
(10091, 233, 2090, '2025-10-25', '12:00:00', '13:00:00'),
(10092, 235, 2041, '2025-11-03', '18:00:00', '20:00:00'),
(10093, 236, 2017, '2025-11-13', '07:00:00', '09:00:00'),
(10094, 237, 2013, '2025-09-19', '17:00:00', '19:00:00'),
(10095, 243, 2053, '2025-09-23', '13:00:00', '14:00:00'),
(10096, 244, 2043, '2025-10-09', '16:00:00', '18:00:00'),
(10097, 245, 2081, '2025-10-03', '17:00:00', '19:00:00'),
(10098, 246, 2013, '2025-10-17', '08:00:00', '09:00:00'),
(10099, 249, 2039, '2025-09-21', '11:00:00', '12:00:00'),
(10100, 250, 2046, '2025-10-16', '08:00:00', '10:00:00'),
(10101, 145, 2046, '2025-09-30', '07:00:00', '08:00:00'),
(10102, 119, 2022, '2025-10-31', '06:00:00', '08:00:00'),
(10103, 206, 2013, '2025-09-23', '13:00:00', '14:00:00'),
(10104, 89, 2061, '2025-11-02', '10:00:00', '12:00:00'),
(10105, 28, 2006, '2025-11-02', '10:00:00', '12:00:00'),
(10106, 213, 2021, '2025-10-25', '19:00:00', '20:00:00'),
(10107, 200, 2029, '2025-11-11', '10:00:00', '12:00:00'),
(10108, 163, 2006, '2025-10-29', '07:00:00', '08:00:00'),
(10109, 161, 2021, '2025-09-21', '15:00:00', '17:00:00'),
(10110, 188, 2003, '2025-11-05', '12:00:00', '14:00:00'),
(10111, 202, 2018, '2025-11-11', '08:00:00', '10:00:00'),
(10112, 242, 2013, '2025-11-09', '07:00:00', '09:00:00'),
(10113, 247, 2002, '2025-11-12', '18:00:00', '20:00:00'),
(10114, 203, 2009, '2025-10-18', '11:00:00', '12:00:00'),
(10115, 192, 2022, '2025-09-25', '16:00:00', '18:00:00'),
(10116, 121, 2003, '2025-10-30', '07:00:00', '08:00:00'),
(10117, 233, 2075, '2025-09-27', '06:00:00', '07:00:00'),
(10118, 127, 2002, '2025-10-13', '13:00:00', '14:00:00'),
(10119, 191, 2092, '2025-10-26', '17:00:00', '19:00:00'),
(10120, 214, 2014, '2025-09-21', '17:00:00', '19:00:00'),
(10121, 56, 2012, '2025-09-25', '16:00:00', '18:00:00'),
(10122, 140, 2068, '2025-10-14', '10:00:00', '11:00:00'),
(10123, 24, 2019, '2025-11-08', '11:00:00', '12:00:00'),
(10124, 33, 2049, '2025-11-11', '18:00:00', '19:00:00'),
(10125, 202, 2023, '2025-11-12', '08:00:00', '10:00:00'),
(10126, 205, 2005, '2025-09-19', '11:00:00', '12:00:00'),
(10127, 202, 2006, '2025-09-30', '10:00:00', '11:00:00'),
(10128, 33, 2090, '2025-11-05', '07:00:00', '08:00:00'),
(10129, 116, 2017, '2025-10-18', '16:00:00', '18:00:00'),
(10130, 123, 2077, '2025-10-20', '17:00:00', '18:00:00'),
(10131, 17, 2003, '2025-10-27', '14:00:00', '16:00:00'),
(10132, 155, 2016, '2025-11-12', '16:00:00', '17:00:00'),
(10133, 225, 2050, '2025-10-17', '09:00:00', '11:00:00'),
(10134, 187, 2004, '2025-10-31', '10:00:00', '12:00:00'),
(10135, 176, 2031, '2025-11-11', '07:00:00', '08:00:00'),
(10136, 25, 2070, '2025-10-24', '06:00:00', '07:00:00'),
(10137, 224, 2022, '2025-10-07', '15:00:00', '16:00:00'),
(10138, 91, 2002, '2025-10-31', '13:00:00', '14:00:00'),
(10139, 90, 2070, '2025-11-06', '10:00:00', '11:00:00'),
(10140, 8, 2006, '2025-10-11', '06:00:00', '08:00:00'),
(10141, 223, 2004, '2025-09-28', '17:00:00', '18:00:00'),
(10142, 24, 2050, '2025-10-15', '13:00:00', '15:00:00'),
(10143, 185, 2007, '2025-09-28', '08:00:00', '09:00:00'),
(10144, 159, 2001, '2025-10-17', '16:00:00', '18:00:00'),
(10145, 114, 2012, '2025-10-11', '12:00:00', '13:00:00'),
(10146, 73, 2022, '2025-09-21', '09:00:00', '11:00:00'),
(10147, 154, 2002, '2025-11-18', '09:00:00', '11:00:00'),
(10148, 66, 2007, '2025-10-20', '17:00:00', '18:00:00'),
(10149, 45, 2002, '2025-09-23', '12:00:00', '14:00:00'),
(10150, 112, 2001, '2025-10-25', '12:00:00', '14:00:00'),
(10151, 164, 2011, '2025-09-20', '11:00:00', '13:00:00'),
(10152, 206, 2081, '2025-09-24', '12:00:00', '14:00:00'),
(10153, 112, 2019, '2025-11-13', '10:00:00', '12:00:00'),
(10154, 87, 2005, '2025-10-21', '16:00:00', '17:00:00'),
(10155, 136, 2018, '2025-11-04', '19:00:00', '21:00:00'),
(10156, 61, 2003, '2025-09-30', '15:00:00', '16:00:00'),
(10157, 20, 2006, '2025-11-06', '15:00:00', '17:00:00'),
(10158, 149, 2015, '2025-11-13', '16:00:00', '18:00:00'),
(10159, 39, 2014, '2025-10-29', '10:00:00', '12:00:00'),
(10160, 71, 2021, '2025-10-08', '13:00:00', '14:00:00'),
(10161, 10, 2003, '2025-10-30', '19:00:00', '20:00:00'),
(10162, 153, 2018, '2025-10-17', '20:00:00', '21:00:00'),
(10163, 49, 2010, '2025-09-22', '13:00:00', '14:00:00'),
(10164, 208, 2066, '2025-10-21', '16:00:00', '17:00:00'),
(10165, 182, 2014, '2025-10-12', '11:00:00', '12:00:00'),
(10166, 73, 2009, '2025-11-08', '16:00:00', '17:00:00'),
(10167, 86, 2001, '2025-10-07', '10:00:00', '12:00:00'),
(10168, 247, 2042, '2025-09-24', '15:00:00', '17:00:00'),
(10169, 248, 2022, '2025-10-27', '17:00:00', '18:00:00'),
(10170, 22, 2010, '2025-11-10', '08:00:00', '10:00:00'),
(10171, 180, 2090, '2025-10-30', '16:00:00', '17:00:00'),
(10172, 47, 2066, '2025-10-01', '09:00:00', '11:00:00'),
(10173, 76, 2035, '2025-10-31', '11:00:00', '12:00:00'),
(10174, 213, 2044, '2025-09-21', '12:00:00', '14:00:00'),
(10175, 193, 2080, '2025-10-23', '09:00:00', '10:00:00'),
(10176, 174, 2079, '2025-11-07', '10:00:00', '12:00:00'),
(10177, 210, 2005, '2025-09-22', '16:00:00', '18:00:00'),
(10178, 224, 2007, '2025-10-07', '07:00:00', '08:00:00'),
(10179, 42, 2008, '2025-09-24', '09:00:00', '11:00:00'),
(10180, 116, 2026, '2025-09-22', '12:00:00', '14:00:00'),
(10181, 8, 2007, '2025-11-08', '08:00:00', '10:00:00'),
(10182, 10, 2010, '2025-11-06', '17:00:00', '18:00:00'),
(10183, 115, 2019, '2025-10-05', '09:00:00', '10:00:00'),
(10184, 39, 2018, '2025-11-07', '10:00:00', '11:00:00'),
(10185, 13, 2006, '2025-09-26', '19:00:00', '20:00:00'),
(10186, 128, 2019, '2025-11-03', '08:00:00', '09:00:00'),
(10187, 110, 2003, '2025-10-25', '12:00:00', '13:00:00'),
(10188, 22, 2018, '2025-10-22', '14:00:00', '15:00:00'),
(10189, 6, 2010, '2025-10-29', '12:00:00', '13:00:00'),
(10190, 65, 2068, '2025-10-11', '09:00:00', '10:00:00'),
(10191, 35, 2003, '2025-11-11', '18:00:00', '19:00:00'),
(10192, 123, 2020, '2025-11-03', '18:00:00', '19:00:00'),
(10193, 118, 2002, '2025-11-08', '09:00:00', '10:00:00'),
(10194, 239, 2010, '2025-10-05', '06:00:00', '08:00:00'),
(10195, 166, 2006, '2025-11-13', '16:00:00', '17:00:00'),
(10196, 70, 2003, '2025-11-14', '12:00:00', '14:00:00'),
(10197, 245, 2008, '2025-11-02', '13:00:00', '15:00:00'),
(10198, 237, 2057, '2025-11-04', '12:00:00', '13:00:00'),
(10199, 155, 2046, '2025-10-09', '07:00:00', '09:00:00'),
(10200, 170, 2010, '2025-09-29', '17:00:00', '19:00:00'),
(10201, 90, 2016, '2025-10-28', '12:00:00', '14:00:00'),
(10202, 164, 2030, '2025-10-31', '16:00:00', '17:00:00'),
(10203, 37, 2079, '2025-09-27', '07:00:00', '08:00:00'),
(10204, 244, 2017, '2025-11-18', '11:00:00', '13:00:00'),
(10205, 20, 2018, '2025-10-09', '16:00:00', '18:00:00'),
(10206, 30, 2002, '2025-10-22', '12:00:00', '14:00:00'),
(10207, 68, 2080, '2025-10-28', '10:00:00', '11:00:00'),
(10208, 116, 2006, '2025-11-09', '16:00:00', '17:00:00'),
(10209, 217, 2067, '2025-10-24', '14:00:00', '15:00:00'),
(10210, 204, 2008, '2025-10-01', '18:00:00', '19:00:00'),
(10211, 61, 2026, '2025-10-24', '15:00:00', '17:00:00'),
(10212, 157, 2031, '2025-10-14', '17:00:00', '19:00:00'),
(10213, 249, 2007, '2025-10-18', '16:00:00', '18:00:00'),
(10214, 89, 2002, '2025-10-16', '14:00:00', '15:00:00'),
(10215, 213, 2002, '2025-09-29', '08:00:00', '10:00:00'),
(10216, 58, 2009, '2025-10-05', '09:00:00', '10:00:00'),
(10217, 245, 2017, '2025-10-28', '14:00:00', '16:00:00'),
(10218, 44, 2020, '2025-10-31', '15:00:00', '16:00:00'),
(10219, 231, 2019, '2025-09-24', '06:00:00', '07:00:00'),
(10220, 165, 2056, '2025-11-07', '15:00:00', '16:00:00'),
(10221, 165, 2084, '2025-11-09', '18:00:00', '19:00:00'),
(10222, 41, 2014, '2025-10-02', '11:00:00', '13:00:00'),
(10223, 37, 2009, '2025-10-14', '08:00:00', '10:00:00'),
(10224, 95, 2017, '2025-10-04', '13:00:00', '15:00:00'),
(10225, 64, 2001, '2025-11-18', '12:00:00', '14:00:00'),
(10226, 64, 2043, '2025-11-17', '15:00:00', '17:00:00'),
(10227, 132, 2013, '2025-09-20', '07:00:00', '09:00:00'),
(10228, 101, 2017, '2025-10-26', '11:00:00', '12:00:00'),
(10229, 153, 2083, '2025-10-23', '06:00:00', '08:00:00'),
(10230, 35, 2069, '2025-10-12', '06:00:00', '08:00:00'),
(10231, 93, 2017, '2025-10-21', '13:00:00', '15:00:00'),
(10232, 212, 2038, '2025-09-25', '12:00:00', '13:00:00'),
(10233, 194, 2004, '2025-09-21', '06:00:00', '07:00:00'),
(10234, 206, 2014, '2025-10-27', '20:00:00', '21:00:00'),
(10235, 36, 2009, '2025-10-14', '15:00:00', '16:00:00'),
(10236, 216, 2009, '2025-11-03', '15:00:00', '17:00:00'),
(10237, 122, 2070, '2025-11-01', '07:00:00', '09:00:00'),
(10238, 248, 2020, '2025-10-26', '13:00:00', '14:00:00'),
(10239, 135, 2022, '2025-11-10', '16:00:00', '17:00:00'),
(10240, 9, 2017, '2025-09-20', '13:00:00', '14:00:00'),
(10241, 106, 2075, '2025-11-13', '19:00:00', '21:00:00'),
(10242, 133, 2006, '2025-10-22', '12:00:00', '14:00:00'),
(10243, 245, 2006, '2025-11-01', '18:00:00', '20:00:00'),
(10244, 185, 2056, '2025-10-01', '09:00:00', '11:00:00'),
(10245, 242, 2061, '2025-11-03', '09:00:00', '11:00:00'),
(10246, 240, 2058, '2025-09-26', '15:00:00', '17:00:00'),
(10247, 11, 2007, '2025-11-17', '13:00:00', '15:00:00'),
(10248, 66, 2050, '2025-11-10', '14:00:00', '15:00:00'),
(10249, 28, 2020, '2025-09-22', '16:00:00', '17:00:00'),
(10250, 136, 2005, '2025-09-25', '12:00:00', '13:00:00'),
(10251, 184, 2016, '2025-09-19', '14:00:00', '15:00:00'),
(10252, 41, 2014, '2025-10-30', '09:00:00', '11:00:00'),
(10253, 247, 2009, '2025-11-16', '18:00:00', '19:00:00'),
(10254, 167, 2017, '2025-10-15', '20:00:00', '21:00:00'),
(10255, 236, 2004, '2025-09-30', '17:00:00', '19:00:00'),
(10256, 75, 2024, '2025-10-25', '15:00:00', '17:00:00'),
(10257, 73, 2016, '2025-11-14', '08:00:00', '10:00:00'),
(10258, 130, 2012, '2025-10-10', '08:00:00', '09:00:00'),
(10259, 118, 2020, '2025-11-05', '11:00:00', '12:00:00'),
(10260, 76, 2017, '2025-10-28', '19:00:00', '20:00:00'),
(10261, 212, 2013, '2025-10-14', '16:00:00', '17:00:00'),
(10262, 48, 2084, '2025-11-17', '09:00:00', '11:00:00'),
(10263, 99, 2006, '2025-10-08', '15:00:00', '17:00:00'),
(10264, 147, 2003, '2025-09-22', '16:00:00', '17:00:00'),
(10265, 41, 2015, '2025-11-02', '07:00:00', '09:00:00'),
(10266, 235, 2070, '2025-10-03', '08:00:00', '09:00:00'),
(10267, 180, 2018, '2025-11-06', '09:00:00', '10:00:00'),
(10268, 224, 2090, '2025-10-22', '17:00:00', '19:00:00'),
(10269, 16, 2087, '2025-10-25', '14:00:00', '15:00:00'),
(10270, 219, 2017, '2025-11-03', '15:00:00', '16:00:00'),
(10271, 131, 2011, '2025-09-27', '14:00:00', '16:00:00'),
(10272, 117, 2018, '2025-11-04', '06:00:00', '08:00:00'),
(10273, 1, 2032, '2025-10-16', '11:00:00', '12:00:00'),
(10274, 16, 2031, '2025-09-21', '10:00:00', '12:00:00'),
(10275, 229, 2010, '2025-09-24', '16:00:00', '18:00:00'),
(10276, 170, 2040, '2025-09-26', '08:00:00', '10:00:00'),
(10277, 194, 2003, '2025-11-01', '17:00:00', '19:00:00'),
(10278, 98, 2054, '2025-10-11', '08:00:00', '10:00:00'),
(10279, 208, 2019, '2025-10-02', '07:00:00', '08:00:00'),
(10280, 153, 2001, '2025-11-05', '06:00:00', '07:00:00'),
(10281, 139, 2005, '2025-10-21', '10:00:00', '11:00:00'),
(10282, 209, 2063, '2025-10-04', '10:00:00', '12:00:00'),
(10283, 106, 2007, '2025-10-29', '16:00:00', '17:00:00'),
(10284, 143, 2013, '2025-11-08', '14:00:00', '16:00:00'),
(10285, 179, 2012, '2025-10-13', '08:00:00', '10:00:00'),
(10286, 138, 2012, '2025-11-12', '17:00:00', '19:00:00'),
(10287, 207, 2011, '2025-10-15', '14:00:00', '16:00:00'),
(10288, 35, 2009, '2025-10-10', '16:00:00', '17:00:00'),
(10289, 237, 2013, '2025-10-23', '17:00:00', '18:00:00'),
(10290, 49, 2004, '2025-11-13', '07:00:00', '08:00:00'),
(10291, 186, 2020, '2025-10-02', '19:00:00', '21:00:00'),
(10292, 86, 2007, '2025-11-17', '09:00:00', '10:00:00'),
(10293, 190, 2004, '2025-11-02', '15:00:00', '16:00:00'),
(10294, 235, 2006, '2025-10-13', '13:00:00', '15:00:00'),
(10295, 167, 2009, '2025-10-21', '13:00:00', '15:00:00'),
(10296, 26, 2083, '2025-11-16', '09:00:00', '11:00:00'),
(10297, 145, 2041, '2025-10-05', '14:00:00', '15:00:00'),
(10298, 59, 2008, '2025-10-24', '16:00:00', '18:00:00'),
(10299, 176, 2010, '2025-10-18', '08:00:00', '10:00:00'),
(10300, 204, 2008, '2025-09-30', '14:00:00', '16:00:00'),
(10301, 201, 2001, '2025-10-22', '12:24:00', '14:24:00'),
(10312, 201, 2001, '2025-11-08', '21:02:00', '01:02:00'),
(10313, 211, 2003, '2025-11-08', '21:02:00', '23:40:00'),
(10314, 210, 2001, '2025-11-11', '10:50:00', '12:51:00');

-- --------------------------------------------------------

--
-- Table structure for table `Facilities`
--

CREATE TABLE `Facilities` (
  `facility_id` int(11) NOT NULL,
  `facility_name` varchar(100) NOT NULL,
  `description` varchar(255) DEFAULT NULL
) ENGINE=InnoDB DEFAULT CHARSET=utf8mb4 COLLATE=utf8mb4_general_ci;

--
-- Dumping data for table `Facilities`
--

INSERT INTO `Facilities` (`facility_id`, `facility_name`, `description`) VALUES
(1001, 'Badminton', 'Four indoor badminton courts'),
(1002, 'Squash', 'Two professional squash courts'),
(1003, 'Table Tennis', 'Four TT tables'),
(1004, 'Chess', 'Six chess boards'),
(1005, 'Carrom', 'Two carrom tables'),
(1006, 'Pool', 'Four billiard pool tables'),
(1007, 'Gym', 'Gym with treadmills, weights and machines');

-- --------------------------------------------------------

--
-- Table structure for table `FacilityUnits`
--

CREATE TABLE `FacilityUnits` (
  `unit_id` int(11) NOT NULL,
  `facility_id` int(11) DEFAULT NULL,
  `unit_name` varchar(150) NOT NULL,
  `quantity` int(11) DEFAULT 1
) ENGINE=InnoDB DEFAULT CHARSET=utf8mb4 COLLATE=utf8mb4_general_ci;

--
-- Dumping data for table `FacilityUnits`
--

INSERT INTO `FacilityUnits` (`unit_id`, `facility_id`, `unit_name`, `quantity`) VALUES
(2001, 1001, 'Badminton Court 1', 1),
(2002, 1001, 'Badminton Court 2', 1),
(2003, 1001, 'Badminton Court 3', 1),
(2004, 1001, 'Badminton Court 4', 1),
(2005, 1002, 'Squash Court 1', 1),
(2006, 1002, 'Squash Court 2', 1),
(2007, 1003, 'Table Tennis Table 1', 1),
(2008, 1003, 'Table Tennis Table 2', 1),
(2009, 1003, 'Table Tennis Table 3', 1),
(2010, 1003, 'Table Tennis Table 4', 1),
(2011, 1004, 'Chess Board 1', 1),
(2012, 1004, 'Chess Board 2', 1),
(2013, 1004, 'Chess Board 3', 1),
(2014, 1004, 'Chess Board 4', 1),
(2015, 1004, 'Chess Board 5', 1),
(2016, 1004, 'Chess Board 6', 1),
(2017, 1005, 'Carrom Table 1', 1),
(2018, 1005, 'Carrom Table 2', 1),
(2019, 1006, 'Pool Table 1', 1),
(2020, 1006, 'Pool Table 2', 1),
(2021, 1006, 'Pool Table 3', 1),
(2022, 1006, 'Pool Table 4', 1),
(2023, 1007, 'Treadmill 1', 1),
(2024, 1007, 'Treadmill 2', 1),
(2025, 1007, 'Treadmill 3', 1),
(2026, 1007, 'Treadmill 4', 1),
(2027, 1007, 'Treadmill 5', 1),
(2028, 1007, 'Treadmill 6', 1),
(2029, 1007, 'Bench Press 1', 1),
(2030, 1007, 'Bench Press 2', 1),
(2031, 1007, 'Bench Press 3', 1),
(2032, 1007, 'Bench Press 4', 1),
(2033, 1007, 'Dumbbell 2.5kg 1', 1),
(2034, 1007, 'Dumbbell 2.5kg 2', 1),
(2035, 1007, 'Dumbbell 2.5kg 3', 1),
(2036, 1007, 'Dumbbell 2.5kg 4', 1),
(2037, 1007, 'Dumbbell 5kg 1', 1),
(2038, 1007, 'Dumbbell 5kg 2', 1),
(2039, 1007, 'Dumbbell 5kg 3', 1),
(2040, 1007, 'Dumbbell 5kg 4', 1),
(2041, 1007, 'Dumbbell 12kg 1', 1),
(2042, 1007, 'Dumbbell 12kg 2', 1),
(2043, 1007, 'Dumbbell 12kg 3', 1),
(2044, 1007, 'Dumbbell 12kg 4', 1),
(2045, 1007, 'Dumbbell 24kg 1', 1),
(2046, 1007, 'Dumbbell 24kg 2', 1),
(2047, 1007, 'Dumbbell 24kg 3', 1),
(2048, 1007, 'Dumbbell 24kg 4', 1),
(2049, 1007, 'Kettlebell 8kg 1', 1),
(2050, 1007, 'Kettlebell 8kg 2', 1),
(2051, 1007, 'Kettlebell 16kg 1', 1),
(2052, 1007, 'Kettlebell 16kg 2', 1),
(2053, 1007, 'Squat Rack 1', 1),
(2054, 1007, 'Squat Rack 2', 1),
(2055, 1007, 'Power Rack 1', 1),
(2056, 1007, 'Power Rack 2', 1),
(2057, 1007, 'Pullup Bar 1', 1),
(2058, 1007, 'Pullup Bar 2', 1),
(2059, 1007, 'Barbell 1', 1),
(2060, 1007, 'Barbell 2', 1),
(2061, 1007, 'Barbell 3', 1),
(2062, 1007, 'Barbell 4', 1),
(2063, 1007, 'Barbell 5', 1),
(2064, 1007, 'Barbell 6', 1),
(2065, 1007, 'Bumper Plate 10kg 1', 1),
(2066, 1007, 'Bumper Plate 10kg 2', 1),
(2067, 1007, 'Bumper Plate 10kg 3', 1),
(2068, 1007, 'Bumper Plate 10kg 4', 1),
(2069, 1007, 'Bumper Plate 15kg 1', 1),
(2070, 1007, 'Bumper Plate 15kg 2', 1),
(2071, 1007, 'Bumper Plate 15kg 3', 1),
(2072, 1007, 'Bumper Plate 15kg 4', 1),
(2073, 1007, 'Bumper Plate 20kg 1', 1),
(2074, 1007, 'Bumper Plate 20kg 2', 1),
(2075, 1007, 'Bumper Plate 20kg 3', 1),
(2076, 1007, 'Bumper Plate 20kg 4', 1),
(2077, 1007, 'Bumper Plate 25kg 1', 1),
(2078, 1007, 'Bumper Plate 25kg 2', 1),
(2079, 1007, 'Bumper Plate 25kg 3', 1),
(2080, 1007, 'Bumper Plate 25kg 4', 1),
(2081, 1007, 'Chest Fly Machine 1', 1),
(2082, 1007, 'Chest Fly Machine 2', 1),
(2083, 1007, 'Smith Machine', 1),
(2084, 1007, 'Jump Rope 1', 1),
(2085, 1007, 'Jump Rope 2', 1),
(2086, 1007, 'Yoga Mat 1', 1),
(2087, 1007, 'Yoga Mat 2', 1),
(2088, 1007, 'Yoga Mat 3', 1),
(2089, 1007, 'Yoga Mat 4', 1),
(2090, 1007, 'Yoga Mat 5', 1),
(2091, 1007, 'Yoga Mat 6', 1),
(2092, 1007, 'Yoga Mat 7', 1),
(2093, 1007, 'Yoga Mat 8', 1),
(2094, 1007, 'Yoga Mat 9', 1),
(2095, 1007, 'Yoga Mat 10', 1),
(2096, 1001, 'Badminton Racket 1', 1),
(2097, 1001, 'Badminton Racket 2', 1),
(2098, 1001, 'Badminton Racket 3', 1),
(2099, 1001, 'Badminton Racket 4', 1),
(2100, 1001, 'Badminton Racket 5', 1),
(2101, 1001, 'Badminton Racket 6', 1),
(2102, 1001, 'Badminton Racket 7', 1),
(2103, 1001, 'Badminton Racket 8', 1),
(2104, 1001, 'Badminton Racket 9', 1),
(2105, 1001, 'Badminton Racket 10', 1),
(2106, 1001, 'Shuttle 1', 1),
(2107, 1001, 'Shuttle 2', 1),
(2108, 1001, 'Shuttle 3', 1),
(2109, 1001, 'Shuttle 4', 1),
(2110, 1001, 'Shuttle 5', 1),
(2111, 1001, 'Shuttle 6', 1),
(2112, 1001, 'Shuttle 7', 1),
(2113, 1001, 'Shuttle 8', 1),
(2114, 1001, 'Shuttle 9', 1),
(2115, 1001, 'Shuttle 10', 1),
(2116, 1001, 'Shuttle 11', 1),
(2117, 1001, 'Shuttle 12', 1),
(2118, 1001, 'Shuttle 13', 1),
(2119, 1001, 'Shuttle 14', 1),
(2120, 1001, 'Shuttle 15', 1),
(2121, 1001, 'Shuttle 16', 1),
(2122, 1001, 'Shuttle 17', 1),
(2123, 1001, 'Shuttle 18', 1),
(2124, 1001, 'Shuttle 19', 1),
(2125, 1001, 'Shuttle 20', 1),
(2126, 1002, 'Squash Racket 1', 1),
(2127, 1002, 'Squash Racket 2', 1),
(2128, 1002, 'Squash Racket 3', 1),
(2129, 1002, 'Squash Racket 4', 1),
(2130, 1002, 'Squash Ball 1', 1),
(2131, 1002, 'Squash Ball 2', 1),
(2132, 1002, 'Squash Ball 3', 1),
(2133, 1002, 'Squash Ball 4', 1),
(2134, 1002, 'Squash Ball 5', 1),
(2135, 1003, 'TT Racket 1', 1),
(2136, 1003, 'TT Racket 2', 1),
(2137, 1003, 'TT Racket 3', 1),
(2138, 1003, 'TT Racket 4', 1),
(2139, 1003, 'TT Racket 5', 1),
(2140, 1003, 'TT Racket 6', 1),
(2141, 1003, 'TT Racket 7', 1),
(2142, 1003, 'TT Racket 8', 1),
(2143, 1003, 'TT Racket 9', 1),
(2144, 1003, 'TT Racket 10', 1),
(2145, 1003, 'TT Ball 1', 1),
(2146, 1003, 'TT Ball 2', 1),
(2147, 1003, 'TT Ball 3', 1),
(2148, 1003, 'TT Ball 4', 1),
(2149, 1003, 'TT Ball 5', 1),
(2150, 1003, 'TT Ball 6', 1),
(2151, 1003, 'TT Ball 7', 1),
(2152, 1003, 'TT Ball 8', 1),
(2153, 1003, 'TT Ball 9', 1),
(2154, 1003, 'TT Ball 10', 1),
(2155, 1003, 'TT Ball 11', 1),
(2156, 1003, 'TT Ball 12', 1),
(2157, 1003, 'TT Ball 13', 1),
(2158, 1003, 'TT Ball 14', 1),
(2159, 1003, 'TT Ball 15', 1),
(2160, 1003, 'TT Ball 16', 1),
(2161, 1003, 'TT Ball 17', 1),
(2162, 1003, 'TT Ball 18', 1),
(2163, 1003, 'TT Ball 19', 1),
(2164, 1003, 'TT Ball 20', 1),
(2165, 1006, 'Pool Stick 1', 1),
(2166, 1006, 'Pool Stick 2', 1),
(2167, 1006, 'Pool Stick 3', 1),
(2168, 1006, 'Pool Stick 4', 1),
(2169, 1006, 'Pool Stick 5', 1),
(2170, 1006, 'Pool Stick 6', 1);

-- --------------------------------------------------------

--
-- Table structure for table `Users`
--

CREATE TABLE `Users` (
  `user_id` int(11) NOT NULL,
  `name` varchar(100) NOT NULL,
  `email` varchar(100) NOT NULL,
  `phone` varchar(20) DEFAULT NULL,
  `role` enum('Student','Faculty') NOT NULL
) ENGINE=InnoDB DEFAULT CHARSET=utf8mb4 COLLATE=utf8mb4_general_ci;

--
-- Dumping data for table `Users`
--

INSERT INTO `Users` (`user_id`, `name`, `email`, `phone`, `role`) VALUES
(1, 'student1', 'student1@iitjammu.ac.in', '9759770415', 'Student'),
(2, 'student2', 'student2@iitjammu.ac.in', '9713427546', 'Student'),
(3, 'student3', 'student3@iitjammu.ac.in', '9847655242', 'Student'),
(4, 'student4', 'student4@iitjammu.ac.in', '9831475314', 'Student'),
(5, 'student5', 'student5@iitjammu.ac.in', '9819835355', 'Student'),
(6, 'student6', 'student6@iitjammu.ac.in', '9774913853', 'Student'),
(7, 'student7', 'student7@iitjammu.ac.in', '9755026676', 'Student'),
(8, 'student8', 'student8@iitjammu.ac.in', '9992791430', 'Student'),
(9, 'student9', 'student9@iitjammu.ac.in', '9746674928', 'Student'),
(10, 'student10', 'student10@iitjammu.ac.in', '9926517555', 'Student'),
(11, 'student11', 'student11@iitjammu.ac.in', '9717063198', 'Student'),
(12, 'student12', 'student12@iitjammu.ac.in', '9715997261', 'Student'),
(13, 'student13', 'student13@iitjammu.ac.in', '9750302251', 'Student'),
(14, 'student14', 'student14@iitjammu.ac.in', '9817380369', 'Student'),
(15, 'student15', 'student15@iitjammu.ac.in', '9824908867', 'Student'),
(16, 'student16', 'student16@iitjammu.ac.in', '9971310554', 'Student'),
(17, 'student17', 'student17@iitjammu.ac.in', '9714246390', 'Student'),
(18, 'student18', 'student18@iitjammu.ac.in', '9806750149', 'Student'),
(19, 'student19', 'student19@iitjammu.ac.in', '9992563230', 'Student'),
(20, 'student20', 'student20@iitjammu.ac.in', '9925227988', 'Student'),
(21, 'student21', 'student21@iitjammu.ac.in', '9818348156', 'Student'),
(22, 'student22', 'student22@iitjammu.ac.in', '9941167269', 'Student'),
(23, 'student23', 'student23@iitjammu.ac.in', '9849352498', 'Student'),
(24, 'student24', 'student24@iitjammu.ac.in', '9703488995', 'Student'),
(25, 'student25', 'student25@iitjammu.ac.in', '9785716440', 'Student'),
(26, 'student26', 'student26@iitjammu.ac.in', '9926889378', 'Student'),
(27, 'student27', 'student27@iitjammu.ac.in', '9882670606', 'Student'),
(28, 'student28', 'student28@iitjammu.ac.in', '9849181041', 'Student'),
(29, 'student29', 'student29@iitjammu.ac.in', '9783472422', 'Student'),
(30, 'student30', 'student30@iitjammu.ac.in', '9815595695', 'Student'),
(31, 'student31', 'student31@iitjammu.ac.in', '9880707823', 'Student'),
(32, 'student32', 'student32@iitjammu.ac.in', '9754873725', 'Student'),
(33, 'student33', 'student33@iitjammu.ac.in', '9749792546', 'Student'),
(34, 'student34', 'student34@iitjammu.ac.in', '9903971919', 'Student'),
(35, 'student35', 'student35@iitjammu.ac.in', '9751924210', 'Student'),
(36, 'student36', 'student36@iitjammu.ac.in', '9892725585', 'Student'),
(37, 'student37', 'student37@iitjammu.ac.in', '9884659822', 'Student'),
(38, 'student38', 'student38@iitjammu.ac.in', '9842013556', 'Student'),
(39, 'student39', 'student39@iitjammu.ac.in', '9723327276', 'Student'),
(40, 'student40', 'student40@iitjammu.ac.in', '9946651852', 'Student'),
(41, 'student41', 'student41@iitjammu.ac.in', '9987885264', 'Student'),
(42, 'student42', 'student42@iitjammu.ac.in', '9767015535', 'Student'),
(43, 'student43', 'student43@iitjammu.ac.in', '9903224098', 'Student'),
(44, 'student44', 'student44@iitjammu.ac.in', '9742305533', 'Student'),
(45, 'student45', 'student45@iitjammu.ac.in', '9996374558', 'Student'),
(46, 'student46', 'student46@iitjammu.ac.in', '9857398888', 'Student'),
(47, 'student47', 'student47@iitjammu.ac.in', '9894151326', 'Student'),
(48, 'student48', 'student48@iitjammu.ac.in', '9803234149', 'Student'),
(49, 'student49', 'student49@iitjammu.ac.in', '9737342138', 'Student'),
(50, 'student50', 'student50@iitjammu.ac.in', '9724601779', 'Student'),
(51, 'student51', 'student51@iitjammu.ac.in', '9822351953', 'Student'),
(52, 'student52', 'student52@iitjammu.ac.in', '9855363977', 'Student'),
(53, 'student53', 'student53@iitjammu.ac.in', '9742837990', 'Student'),
(54, 'student54', 'student54@iitjammu.ac.in', '9824978655', 'Student'),
(55, 'student55', 'student55@iitjammu.ac.in', '9754224730', 'Student'),
(56, 'student56', 'student56@iitjammu.ac.in', '9904078714', 'Student'),
(57, 'student57', 'student57@iitjammu.ac.in', '9849235943', 'Student'),
(58, 'student58', 'student58@iitjammu.ac.in', '9943422802', 'Student'),
(59, 'student59', 'student59@iitjammu.ac.in', '9895867784', 'Student'),
(60, 'student60', 'student60@iitjammu.ac.in', '9787324253', 'Student'),
(61, 'student61', 'student61@iitjammu.ac.in', '9898739393', 'Student'),
(62, 'student62', 'student62@iitjammu.ac.in', '9890734506', 'Student'),
(63, 'student63', 'student63@iitjammu.ac.in', '9812478229', 'Student'),
(64, 'student64', 'student64@iitjammu.ac.in', '9843332624', 'Student'),
(65, 'student65', 'student65@iitjammu.ac.in', '9738333930', 'Student'),
(66, 'student66', 'student66@iitjammu.ac.in', '9791879360', 'Student'),
(67, 'student67', 'student67@iitjammu.ac.in', '9986764160', 'Student'),
(68, 'student68', 'student68@iitjammu.ac.in', '9831431865', 'Student'),
(69, 'student69', 'student69@iitjammu.ac.in', '9787726045', 'Student'),
(70, 'student70', 'student70@iitjammu.ac.in', '9948174062', 'Student'),
(71, 'student71', 'student71@iitjammu.ac.in', '9903718590', 'Student'),
(72, 'student72', 'student72@iitjammu.ac.in', '9844927134', 'Student'),
(73, 'student73', 'student73@iitjammu.ac.in', '9999010119', 'Student'),
(74, 'student74', 'student74@iitjammu.ac.in', '9817904996', 'Student'),
(75, 'student75', 'student75@iitjammu.ac.in', '9874097967', 'Student'),
(76, 'student76', 'student76@iitjammu.ac.in', '9730031457', 'Student'),
(77, 'student77', 'student77@iitjammu.ac.in', '9822969247', 'Student'),
(78, 'student78', 'student78@iitjammu.ac.in', '9717233684', 'Student'),
(79, 'student79', 'student79@iitjammu.ac.in', '9869357567', 'Student'),
(80, 'student80', 'student80@iitjammu.ac.in', '9915373707', 'Student'),
(81, 'student81', 'student81@iitjammu.ac.in', '9843742291', 'Student'),
(82, 'student82', 'student82@iitjammu.ac.in', '9735534736', 'Student'),
(83, 'student83', 'student83@iitjammu.ac.in', '9813270549', 'Student'),
(84, 'student84', 'student84@iitjammu.ac.in', '9868941402', 'Student'),
(85, 'student85', 'student85@iitjammu.ac.in', '9814153005', 'Student'),
(86, 'student86', 'student86@iitjammu.ac.in', '9968022742', 'Student'),
(87, 'student87', 'student87@iitjammu.ac.in', '9912403258', 'Student'),
(88, 'student88', 'student88@iitjammu.ac.in', '9946344213', 'Student'),
(89, 'student89', 'student89@iitjammu.ac.in', '9776703600', 'Student'),
(90, 'student90', 'student90@iitjammu.ac.in', '9842206459', 'Student'),
(91, 'student91', 'student91@iitjammu.ac.in', '9774963459', 'Student'),
(92, 'student92', 'student92@iitjammu.ac.in', '9832407135', 'Student'),
(93, 'student93', 'student93@iitjammu.ac.in', '9989361229', 'Student'),
(94, 'student94', 'student94@iitjammu.ac.in', '9841058327', 'Student'),
(95, 'student95', 'student95@iitjammu.ac.in', '9930013656', 'Student'),
(96, 'student96', 'student96@iitjammu.ac.in', '9914426514', 'Student'),
(97, 'student97', 'student97@iitjammu.ac.in', '9894345362', 'Student'),
(98, 'student98', 'student98@iitjammu.ac.in', '9817746935', 'Student'),
(99, 'student99', 'student99@iitjammu.ac.in', '9774266288', 'Student'),
(100, 'student100', 'student100@iitjammu.ac.in', '9973549845', 'Student'),
(101, 'student101', 'student101@iitjammu.ac.in', '9964954299', 'Student'),
(102, 'student102', 'student102@iitjammu.ac.in', '9748806619', 'Student'),
(103, 'student103', 'student103@iitjammu.ac.in', '9725295410', 'Student'),
(104, 'student104', 'student104@iitjammu.ac.in', '9758867430', 'Student'),
(105, 'student105', 'student105@iitjammu.ac.in', '9782056059', 'Student'),
(106, 'student106', 'student106@iitjammu.ac.in', '9785889680', 'Student'),
(107, 'student107', 'student107@iitjammu.ac.in', '9926645405', 'Student'),
(108, 'student108', 'student108@iitjammu.ac.in', '9734106178', 'Student'),
(109, 'student109', 'student109@iitjammu.ac.in', '9906570376', 'Student'),
(110, 'student110', 'student110@iitjammu.ac.in', '9904880292', 'Student'),
(111, 'student111', 'student111@iitjammu.ac.in', '9951282368', 'Student'),
(112, 'student112', 'student112@iitjammu.ac.in', '9984066101', 'Student'),
(113, 'student113', 'student113@iitjammu.ac.in', '9834976925', 'Student'),
(114, 'student114', 'student114@iitjammu.ac.in', '9997010891', 'Student'),
(115, 'student115', 'student115@iitjammu.ac.in', '9706163826', 'Student'),
(116, 'student116', 'student116@iitjammu.ac.in', '9761499497', 'Student'),
(117, 'student117', 'student117@iitjammu.ac.in', '9988283750', 'Student'),
(118, 'student118', 'student118@iitjammu.ac.in', '9843250681', 'Student'),
(119, 'student119', 'student119@iitjammu.ac.in', '9882630317', 'Student'),
(120, 'student120', 'student120@iitjammu.ac.in', '9759889117', 'Student'),
(121, 'student121', 'student121@iitjammu.ac.in', '9857571681', 'Student'),
(122, 'student122', 'student122@iitjammu.ac.in', '9933412819', 'Student'),
(123, 'student123', 'student123@iitjammu.ac.in', '9784910297', 'Student'),
(124, 'student124', 'student124@iitjammu.ac.in', '9943591060', 'Student'),
(125, 'student125', 'student125@iitjammu.ac.in', '9701742315', 'Student'),
(126, 'student126', 'student126@iitjammu.ac.in', '9841405916', 'Student'),
(127, 'student127', 'student127@iitjammu.ac.in', '9968750123', 'Student'),
(128, 'student128', 'student128@iitjammu.ac.in', '9795912998', 'Student'),
(129, 'student129', 'student129@iitjammu.ac.in', '9972559523', 'Student'),
(130, 'student130', 'student130@iitjammu.ac.in', '9757128875', 'Student'),
(131, 'student131', 'student131@iitjammu.ac.in', '9860226325', 'Student'),
(132, 'student132', 'student132@iitjammu.ac.in', '9972549434', 'Student'),
(133, 'student133', 'student133@iitjammu.ac.in', '9806789585', 'Student'),
(134, 'student134', 'student134@iitjammu.ac.in', '9782054959', 'Student'),
(135, 'student135', 'student135@iitjammu.ac.in', '9900743469', 'Student'),
(136, 'student136', 'student136@iitjammu.ac.in', '9786730978', 'Student'),
(137, 'student137', 'student137@iitjammu.ac.in', '9989576908', 'Student'),
(138, 'student138', 'student138@iitjammu.ac.in', '9984731459', 'Student'),
(139, 'student139', 'student139@iitjammu.ac.in', '9700307034', 'Student'),
(140, 'student140', 'student140@iitjammu.ac.in', '9874029959', 'Student'),
(141, 'student141', 'student141@iitjammu.ac.in', '9962318192', 'Student'),
(142, 'student142', 'student142@iitjammu.ac.in', '9710456496', 'Student'),
(143, 'student143', 'student143@iitjammu.ac.in', '9760058527', 'Student'),
(144, 'student144', 'student144@iitjammu.ac.in', '9894873814', 'Student'),
(145, 'student145', 'student145@iitjammu.ac.in', '9865095391', 'Student'),
(146, 'student146', 'student146@iitjammu.ac.in', '9828554982', 'Student'),
(147, 'student147', 'student147@iitjammu.ac.in', '9731098339', 'Student'),
(148, 'student148', 'student148@iitjammu.ac.in', '9829316949', 'Student'),
(149, 'student149', 'student149@iitjammu.ac.in', '9742282368', 'Student'),
(150, 'student150', 'student150@iitjammu.ac.in', '9745984845', 'Student'),
(151, 'student151', 'student151@iitjammu.ac.in', '9960914140', 'Student'),
(152, 'student152', 'student152@iitjammu.ac.in', '9737158185', 'Student'),
(153, 'student153', 'student153@iitjammu.ac.in', '9985994444', 'Student'),
(154, 'student154', 'student154@iitjammu.ac.in', '9767517162', 'Student'),
(155, 'student155', 'student155@iitjammu.ac.in', '9768929643', 'Student'),
(156, 'student156', 'student156@iitjammu.ac.in', '9955165283', 'Student'),
(157, 'student157', 'student157@iitjammu.ac.in', '9995173558', 'Student'),
(158, 'student158', 'student158@iitjammu.ac.in', '9788651861', 'Student'),
(159, 'student159', 'student159@iitjammu.ac.in', '9842301192', 'Student'),
(160, 'student160', 'student160@iitjammu.ac.in', '9983292704', 'Student'),
(161, 'student161', 'student161@iitjammu.ac.in', '9927170451', 'Student'),
(162, 'student162', 'student162@iitjammu.ac.in', '9813708292', 'Student'),
(163, 'student163', 'student163@iitjammu.ac.in', '9989532383', 'Student'),
(164, 'student164', 'student164@iitjammu.ac.in', '9807992155', 'Student'),
(165, 'student165', 'student165@iitjammu.ac.in', '9867351411', 'Student'),
(166, 'student166', 'student166@iitjammu.ac.in', '9914207359', 'Student'),
(167, 'student167', 'student167@iitjammu.ac.in', '9900478606', 'Student'),
(168, 'student168', 'student168@iitjammu.ac.in', '9935203188', 'Student'),
(169, 'student169', 'student169@iitjammu.ac.in', '9977871414', 'Student'),
(170, 'student170', 'student170@iitjammu.ac.in', '9942389777', 'Student'),
(171, 'student171', 'student171@iitjammu.ac.in', '9764963634', 'Student'),
(172, 'student172', 'student172@iitjammu.ac.in', '9833093315', 'Student'),
(173, 'student173', 'student173@iitjammu.ac.in', '9820633465', 'Student'),
(174, 'student174', 'student174@iitjammu.ac.in', '9734373643', 'Student'),
(175, 'student175', 'student175@iitjammu.ac.in', '9881508307', 'Student'),
(176, 'student176', 'student176@iitjammu.ac.in', '9711292683', 'Student'),
(177, 'student177', 'student177@iitjammu.ac.in', '9997384352', 'Student'),
(178, 'student178', 'student178@iitjammu.ac.in', '9823541906', 'Student'),
(179, 'student179', 'student179@iitjammu.ac.in', '9818228310', 'Student'),
(180, 'student180', 'student180@iitjammu.ac.in', '9703860554', 'Student'),
(181, 'student181', 'student181@iitjammu.ac.in', '9738114122', 'Student'),
(182, 'student182', 'student182@iitjammu.ac.in', '9731607612', 'Student'),
(183, 'student183', 'student183@iitjammu.ac.in', '9822912186', 'Student'),
(184, 'student184', 'student184@iitjammu.ac.in', '9736185272', 'Student'),
(185, 'student185', 'student185@iitjammu.ac.in', '9716864703', 'Student'),
(186, 'student186', 'student186@iitjammu.ac.in', '9877397447', 'Student'),
(187, 'student187', 'student187@iitjammu.ac.in', '9738041250', 'Student'),
(188, 'student188', 'student188@iitjammu.ac.in', '9976035466', 'Student'),
(189, 'student189', 'student189@iitjammu.ac.in', '9827777765', 'Student'),
(190, 'student190', 'student190@iitjammu.ac.in', '9849506343', 'Student'),
(191, 'student191', 'student191@iitjammu.ac.in', '9960604924', 'Student'),
(192, 'student192', 'student192@iitjammu.ac.in', '9815017511', 'Student'),
(193, 'student193', 'student193@iitjammu.ac.in', '9989499014', 'Student'),
(194, 'student194', 'student194@iitjammu.ac.in', '9771034381', 'Student'),
(195, 'student195', 'student195@iitjammu.ac.in', '9953763327', 'Student'),
(196, 'student196', 'student196@iitjammu.ac.in', '9830458149', 'Student'),
(197, 'student197', 'student197@iitjammu.ac.in', '9953925412', 'Student'),
(198, 'student198', 'student198@iitjammu.ac.in', '9918538654', 'Student'),
(199, 'student199', 'student199@iitjammu.ac.in', '9802225547', 'Student'),
(200, 'student200', 'student200@iitjammu.ac.in', '9750640778', 'Student'),
(201, 'faculty1', 'faculty1@iitjammu.ac.in', '8752039333', 'Faculty'),
(202, 'faculty2', 'faculty2@iitjammu.ac.in', '8931418842', 'Faculty'),
(203, 'faculty3', 'faculty3@iitjammu.ac.in', '8890212059', 'Faculty'),
(204, 'faculty4', 'faculty4@iitjammu.ac.in', '8927407042', 'Faculty'),
(205, 'faculty5', 'faculty5@iitjammu.ac.in', '8920708855', 'Faculty'),
(206, 'faculty6', 'faculty6@iitjammu.ac.in', '8950731958', 'Faculty'),
(207, 'faculty7', 'faculty7@iitjammu.ac.in', '8729082932', 'Faculty'),
(208, 'faculty8', 'faculty8@iitjammu.ac.in', '8752837693', 'Faculty'),
(209, 'faculty9', 'faculty9@iitjammu.ac.in', '8732541181', 'Faculty'),
(210, 'faculty10', 'faculty10@iitjammu.ac.in', '8916155655', 'Faculty'),
(211, 'faculty11', 'faculty11@iitjammu.ac.in', '8882161696', 'Faculty'),
(212, 'faculty12', 'faculty12@iitjammu.ac.in', '8758663364', 'Faculty'),
(213, 'faculty13', 'faculty13@iitjammu.ac.in', '8833496352', 'Faculty'),
(214, 'faculty14', 'faculty14@iitjammu.ac.in', '8802859136', 'Faculty'),
(215, 'faculty15', 'faculty15@iitjammu.ac.in', '8802117629', 'Faculty'),
(216, 'faculty16', 'faculty16@iitjammu.ac.in', '8987916220', 'Faculty'),
(217, 'faculty17', 'faculty17@iitjammu.ac.in', '8940847567', 'Faculty'),
(218, 'faculty18', 'faculty18@iitjammu.ac.in', '8775259798', 'Faculty'),
(219, 'faculty19', 'faculty19@iitjammu.ac.in', '8926495980', 'Faculty'),
(220, 'faculty20', 'faculty20@iitjammu.ac.in', '8798509390', 'Faculty'),
(221, 'faculty21', 'faculty21@iitjammu.ac.in', '8849542787', 'Faculty'),
(222, 'faculty22', 'faculty22@iitjammu.ac.in', '8948371554', 'Faculty'),
(223, 'faculty23', 'faculty23@iitjammu.ac.in', '8834113815', 'Faculty'),
(224, 'faculty24', 'faculty24@iitjammu.ac.in', '8740471954', 'Faculty'),
(225, 'faculty25', 'faculty25@iitjammu.ac.in', '8937904006', 'Faculty'),
(226, 'faculty26', 'faculty26@iitjammu.ac.in', '8995453652', 'Faculty'),
(227, 'faculty27', 'faculty27@iitjammu.ac.in', '8752564348', 'Faculty'),
(228, 'faculty28', 'faculty28@iitjammu.ac.in', '8727159403', 'Faculty'),
(229, 'faculty29', 'faculty29@iitjammu.ac.in', '8990225936', 'Faculty'),
(230, 'faculty30', 'faculty30@iitjammu.ac.in', '8707923061', 'Faculty'),
(231, 'faculty31', 'faculty31@iitjammu.ac.in', '8750070070', 'Faculty'),
(232, 'faculty32', 'faculty32@iitjammu.ac.in', '8826905272', 'Faculty'),
(233, 'faculty33', 'faculty33@iitjammu.ac.in', '8789287596', 'Faculty'),
(234, 'faculty34', 'faculty34@iitjammu.ac.in', '8918191887', 'Faculty'),
(235, 'faculty35', 'faculty35@iitjammu.ac.in', '8960726594', 'Faculty'),
(236, 'faculty36', 'faculty36@iitjammu.ac.in', '8958427335', 'Faculty'),
(237, 'faculty37', 'faculty37@iitjammu.ac.in', '8814754704', 'Faculty'),
(238, 'faculty38', 'faculty38@iitjammu.ac.in', '8915306864', 'Faculty'),
(239, 'faculty39', 'faculty39@iitjammu.ac.in', '8731479642', 'Faculty'),
(240, 'faculty40', 'faculty40@iitjammu.ac.in', '8788388881', 'Faculty'),
(241, 'faculty41', 'faculty41@iitjammu.ac.in', '8903459644', 'Faculty'),
(242, 'faculty42', 'faculty42@iitjammu.ac.in', '8701157156', 'Faculty'),
(243, 'faculty43', 'faculty43@iitjammu.ac.in', '8909606084', 'Faculty'),
(244, 'faculty44', 'faculty44@iitjammu.ac.in', '8842379807', 'Faculty'),
(245, 'faculty45', 'faculty45@iitjammu.ac.in', '8944280759', 'Faculty'),
(246, 'faculty46', 'faculty46@iitjammu.ac.in', '8853142014', 'Faculty'),
(247, 'faculty47', 'faculty47@iitjammu.ac.in', '8927100413', 'Faculty'),
(248, 'faculty48', 'faculty48@iitjammu.ac.in', '8998375846', 'Faculty'),
(249, 'faculty49', 'faculty49@iitjammu.ac.in', '8961279727', 'Faculty'),
(250, 'faculty50', 'faculty50@iitjammu.ac.in', '8783105914', 'Faculty');

--
-- Indexes for dumped tables
--

--
-- Indexes for table `BookedEquipments`
--
ALTER TABLE `BookedEquipments`
  ADD PRIMARY KEY (`booking_id`,`unit_id`),
  ADD KEY `unit_id` (`unit_id`);

--
-- Indexes for table `BookingParticipants`
--
ALTER TABLE `BookingParticipants`
  ADD PRIMARY KEY (`booking_id`,`participant_id`),
  ADD KEY `participant_id` (`participant_id`);

--
-- Indexes for table `Bookings`
--
ALTER TABLE `Bookings`
  ADD PRIMARY KEY (`booking_id`),
  ADD KEY `idx_bookings_user` (`user_id`),
  ADD KEY `idx_bookings_unit` (`unit_id`);

--
-- Indexes for table `Facilities`
--
ALTER TABLE `Facilities`
  ADD PRIMARY KEY (`facility_id`);

--
-- Indexes for table `FacilityUnits`
--
ALTER TABLE `FacilityUnits`
  ADD PRIMARY KEY (`unit_id`),
  ADD KEY `facility_id` (`facility_id`);

--
-- Indexes for table `Users`
--
ALTER TABLE `Users`
  ADD PRIMARY KEY (`user_id`),
  ADD UNIQUE KEY `email` (`email`);

--
-- AUTO_INCREMENT for dumped tables
--

--
-- AUTO_INCREMENT for table `Bookings`
--
ALTER TABLE `Bookings`
  MODIFY `booking_id` int(11) NOT NULL AUTO_INCREMENT, AUTO_INCREMENT=10315;

--
-- Constraints for dumped tables
--

--
-- Constraints for table `BookedEquipments`
--
ALTER TABLE `BookedEquipments`
  ADD CONSTRAINT `bookedequipments_ibfk_1` FOREIGN KEY (`booking_id`) REFERENCES `Bookings` (`booking_id`) ON DELETE CASCADE ON UPDATE CASCADE,
  ADD CONSTRAINT `bookedequipments_ibfk_2` FOREIGN KEY (`unit_id`) REFERENCES `FacilityUnits` (`unit_id`) ON DELETE CASCADE ON UPDATE CASCADE;

--
-- Constraints for table `BookingParticipants`
--
ALTER TABLE `BookingParticipants`
  ADD CONSTRAINT `bookingparticipants_ibfk_1` FOREIGN KEY (`booking_id`) REFERENCES `Bookings` (`booking_id`) ON DELETE CASCADE ON UPDATE CASCADE,
  ADD CONSTRAINT `bookingparticipants_ibfk_2` FOREIGN KEY (`participant_id`) REFERENCES `Users` (`user_id`) ON DELETE CASCADE ON UPDATE CASCADE;

--
-- Constraints for table `Bookings`
--
ALTER TABLE `Bookings`
  ADD CONSTRAINT `bookings_ibfk_1` FOREIGN KEY (`user_id`) REFERENCES `Users` (`user_id`) ON DELETE SET NULL ON UPDATE CASCADE,
  ADD CONSTRAINT `bookings_ibfk_2` FOREIGN KEY (`unit_id`) REFERENCES `FacilityUnits` (`unit_id`) ON DELETE SET NULL ON UPDATE CASCADE;

--
-- Constraints for table `FacilityUnits`
--
ALTER TABLE `FacilityUnits`
  ADD CONSTRAINT `facilityunits_ibfk_1` FOREIGN KEY (`facility_id`) REFERENCES `Facilities` (`facility_id`) ON DELETE CASCADE ON UPDATE CASCADE;
COMMIT;

/*!40101 SET CHARACTER_SET_CLIENT=@OLD_CHARACTER_SET_CLIENT */;
/*!40101 SET CHARACTER_SET_RESULTS=@OLD_CHARACTER_SET_RESULTS */;
/*!40101 SET COLLATION_CONNECTION=@OLD_COLLATION_CONNECTION */;
